"Компания";"Дата последней проверки"
"Ай Ти Инвест ИК АО";"27.12.2019"
"Айсберг Финанс ИК ООО";"22.03.2018"
"Банк Казани КБЭР ООО";"04.08.2020"
"Банк Кредит Свисс (Москва) АО";"19.12.2010"
"Датабанк АО";"05.08.2021"
"Трой строй";"19.03.2021"
"Деловой Дом Калита УК ООО";"23.08.2021"
"Детство-1 ИФ ПАО";
"Дж.П. Морган Банк Интернешнл КБ ООО";"27.06.2019"
"Дженерал Кэпитал УК АО";"28.06.2019"
"Джи Ай Си Эм - управление активами ООО";"21.01.2021"
"Джи Ай Си Эм УК ООО";"28.06.2019"
"Джи Пи Ай УК ООО";"04.12.2020"
"Джи Экс Ту Инвест АО";"20.09.2021"
"ДжиЭс Капитал УК ООО";"20.09.2021"
"Джулиус Бэр СНГ ООО";
"Диана Управляющая компания ЗАО";
"Династия УК ООО";"13.07.2018"
"ДИНК-ИНВЕСТ ООО";"22.11.2019"
"ДОЙЧЕ БАНК ООО";"16.02.2018"
"Долгосрочные инвестиции УК ООО";
"ДОМ.РФ Управление активами ООО";"19.03.2021"
"Доминвест УК ООО";
"ДонТК ООО";
"ДОХОДЪ УК ООО";"05.08.2021"
"Евро Фин Траст УК ООО";"17.03.2020"
"Енисейский объединенный банк АИКБ АО";"23.08.2018"
"Защита ИФ ПАО";
"ЗЕНИТ Банк ПАО";"26.11.2019"
"Иволга Капитал ИК ООО";"12.07.2021"
"ИК Банк АО";
"ИКАЦ ООО";"27.06.2017"
"ИМПАКТ КАПИТАЛ ИК ООО";
"Инвест-Урал УК ООО";"26.07.2019"
"Инвест Менеджмент Центр УК ООО";"16.05.2017"
"Инвестиции в будущее УК ООО";
"Инвестиции и инновации УК ООО";"26.07.2019"
"Инвестиционная компания ЛМС АО";"19.03.2021"
"Инвестиционная палата ООО";"23.10.2020"
"Инвестлэнд ИК ООО";
"ИНВЕСТСТРОЙ УК АО";"26.07.2019"
"Ингосстрах - Инвестиции УК АО";"07.06.2020"
"Ингрия УК ООО";
"Некая компания";
